Store Name,Coverage Area,Latitude,Longitude,Delivery Radius (km),Status
Store 1 - CIDCO Hub,"CIDCO N-1 to N-7, Cannaught, Town Centre",19.8735,75.3621,3.0,Active
Store 2 - Garkheda Point,"Garkheda, Ulkanagari, Sutgirni Chowk",19.8596,75.3512,3.2,Active
Store 3 - Nirala Central,"Nirala Bazar, Samarth Nagar, Khadkeshwar",19.8821,75.3245,2.5,Active
Store 4 - Waluj Industrial,"Waluj MIDC, Ranjangaon, Kamlapur",19.8327,75.2285,4.5,Active
Store 5 - Chikalthana Express,"Chikalthana MIDC, Airport Road, Mukundwadi",19.8752,75.3951,3.5,Active
Store 6 - Beed Bypass Corridor,"Beed Bypass, MIT College, Satara Parisar",19.845,75.341,3.5,Active
Store 7 - Osmanpura Hub,"Osmanpura, Kranti Chowk, Station Road",19.868,75.323,2.8,Active
Store 8 - Seven Hills Junction,"Seven Hills, Jalna Road, Akashwani",19.8722,75.354,2.8,Active
Store 9 - HUDCO North,"HUDCO, TV Centre, N-8 to N-12",19.905,75.348,3.2,Active
Store 10 - Railway Station / Vedant,"Vedant Nagar, Padampura, Bansilal Nagar",19.858,75.319,2.8,Active
Store 11 - Shahgunj Old City,"Shahgunj, City Chowk, Gulmandi",19.886,75.334,2.2,Active
Store 12 - Shendra DMIC (AURIC),"AURIC City, Shendra MIDC, Kumbhephal",19.885,75.485,5.0,Proposed
