Neighborhood,Latitude,Longitude,Estimated Population (2024)_x,Population Density (per sq km),Growth Rate (%),Projected Population (2025),Estimated Population (2024)_y,Internet Penetration Rate (%),Estimated Online Shoppers,E-Commerce Activity Index (1-10),Predicted Online Order Volume (Monthly)
CIDCO (N-1 to N-12),19.8735,75.3621,185000,14200,4.2,192770,185000,84.5,156325,9,161796
Garkheda,19.8596,75.3512,142000,12500,4.8,148816,142000,82.0,116440,8,107124
Nirala Bazar,19.8821,75.3245,78000,19500,2.1,79638,78000,86.5,67470,9,69831
Waluj MIDC,19.8327,75.2285,165000,8200,5.2,173580,165000,72.0,118800,7,95633
Chikalthana MIDC,19.8752,75.3951,95000,7800,4.5,99275,95000,78.5,74575,8,68609
Beed Bypass,19.845,75.341,128000,9400,6.1,135808,128000,80.5,103040,8,94796
Osmanpura,19.868,75.323,82000,15800,2.4,83968,82000,85.0,69700,8,64123
Seven Hills / Jalna Rd,19.8722,75.354,91000,16200,3.1,93820,91000,83.0,75530,8,69487
Kranti Chowk,19.8745,75.328,74000,21000,1.8,75332,74000,84.0,62160,8,57187
Cannaught / Town Centre,19.881,75.366,88000,13600,3.8,91344,88000,88.0,77440,9,80150
HUDCO,19.905,75.348,135000,11800,3.5,139725,135000,76.0,102600,7,82593
Railway Station / Vedant Nagar,19.858,75.319,69000,14500,2.2,70518,69000,79.0,54510,7,43880
Ulkanagari,19.8615,75.342,58000,13100,3.4,59972,58000,85.5,49590,8,45622
Begumpura / University,19.901,75.312,62000,9100,2.8,63736,62000,81.0,50220,7,40427
Shendra MIDC / AURIC,19.885,75.485,45000,3200,8.5,48825,45000,75.0,33750,7,27168
Harsul,19.923,75.352,86000,8900,4.1,89526,86000,71.0,61060,6,42131
Shahgunj,19.886,75.334,92000,24000,1.6,93472,92000,74.0,68080,7,54804
Mukundwadi,19.871,75.378,110000,13800,4.0,114400,110000,75.0,82500,7,66412
Padampura,19.869,75.315,52000,15200,2.0,53040,52000,80.0,41600,7,33487
Sutgirni Chowk,19.852,75.356,76000,11900,4.6,79496,76000,78.0,59280,7,47720
