Neighborhood,Estimated Population (2024),Population Density (per sq km),Growth Rate (%)
CIDCO (N-1 to N-12),185000,14200,4.2
Garkheda,142000,12500,4.8
Nirala Bazar,78000,19500,2.1
Waluj MIDC,165000,8200,5.2
Chikalthana MIDC,95000,7800,4.5
Beed Bypass,128000,9400,6.1
Osmanpura,82000,15800,2.4
Seven Hills / Jalna Rd,91000,16200,3.1
Kranti Chowk,74000,21000,1.8
Cannaught / Town Centre,88000,13600,3.8
HUDCO,135000,11800,3.5
Railway Station / Vedant Nagar,69000,14500,2.2
Ulkanagari,58000,13100,3.4
Begumpura / University,62000,9100,2.8
Shendra MIDC / AURIC,45000,3200,8.5
Harsul,86000,8900,4.1
Shahgunj,92000,24000,1.6
Mukundwadi,110000,13800,4.0
Padampura,52000,15200,2.0
Sutgirni Chowk,76000,11900,4.6
