Neighborhood,Internet Penetration Rate (%),E-Commerce Activity Index (1-10)
CIDCO (N-1 to N-12),84.5,9
Garkheda,82.0,8
Nirala Bazar,86.5,9
Waluj MIDC,72.0,7
Chikalthana MIDC,78.5,8
Beed Bypass,80.5,8
Osmanpura,85.0,8
Seven Hills / Jalna Rd,83.0,8
Kranti Chowk,84.0,8
Cannaught / Town Centre,88.0,9
HUDCO,76.0,7
Railway Station / Vedant Nagar,79.0,7
Ulkanagari,85.5,8
Begumpura / University,81.0,7
Shendra MIDC / AURIC,75.0,7
Harsul,71.0,6
Shahgunj,74.0,7
Mukundwadi,75.0,7
Padampura,80.0,7
Sutgirni Chowk,78.0,7
